IV. VOTES,
1. TOTAL VOTES POLLED ON EVM,169355
2. TOTAL DEDUCTED VOTES FROM EVM(TEST,
VOTES+VOTES NOT RETRIVED+VOTES REJECTED DUE TO,1238
OTHER REASONS + 'NOTA'),
3. TOTALVALID VOTES POLLED ON EVM,168117
4. POSTAL VOTES COUNTED,
"",860
5. POSTAL VOTES DEDUCTED(REJECTED POSTAL,
VOTES + POSTAL VOTES POLLED FOR 'NOTA'),
"",12
6. VALID POSTAL VOTES,848
7.TOTAL VALID VOTES POLLED,168965
8.TEST VOTES POLLED ON EVM,0
9.VOTES POLLED FOR 'NOTA' (INCLUDING POSTAL),1240
10. TENDERED VOTES,0
