IV. VOTES,
1. TOTAL VOTES POLLED ON EVM,192330
2. TOTAL DEDUCTED VOTES FROM EVM(TEST,
VOTES+VOTES NOT RETRIVED+VOTES REJECTED DUE TO,2849
OTHER REASONS + 'NOTA'),
3. TOTALVALID VOTES POLLED ON EVM,189481
4. POSTAL VOTES COUNTED,
"",1387
5. POSTAL VOTES DEDUCTED(REJECTED POSTAL,
VOTES + POSTAL VOTES POLLED FOR 'NOTA'),
"",92
6. VALID POSTAL VOTES,1295
7.TOTAL VALID VOTES POLLED,190776
8.TEST VOTES POLLED ON EVM,0
9.VOTES POLLED FOR 'NOTA' (INCLUDING POSTAL),2857
10. TENDERED VOTES,0
