IV. VOTES,
1. TOTAL VOTES POLLED ON EVM,182535
2. TOTAL DEDUCTED VOTES FROM EVM(TEST,
VOTES+VOTES NOT RETRIVED+VOTES REJECTED DUE TO,1719
OTHER REASONS + 'NOTA'),
3. TOTALVALID VOTES POLLED ON EVM,180816
4. POSTAL VOTES COUNTED,
"",1321
5. POSTAL VOTES DEDUCTED(REJECTED POSTAL,
VOTES + POSTAL VOTES POLLED FOR 'NOTA'),
"",94
6. VALID POSTAL VOTES,1227
7.TOTAL VALID VOTES POLLED,182043
8.TEST VOTES POLLED ON EVM,0
9.VOTES POLLED FOR 'NOTA' (INCLUDING POSTAL),1722
10. TENDERED VOTES,5
