IV. VOTES,
1. TOTAL VOTES POLLED ON EVM,193110
2. TOTAL DEDUCTED VOTES FROM EVM(TEST,
VOTES+VOTES NOT RETRIVED+VOTES REJECTED DUE TO,1792
OTHER REASONS + 'NOTA'),
3. TOTALVALID VOTES POLLED ON EVM,191318
4. POSTAL VOTES COUNTED,
"",1628
5. POSTAL VOTES DEDUCTED(REJECTED POSTAL,
VOTES + POSTAL VOTES POLLED FOR 'NOTA'),
"",194
6. VALID POSTAL VOTES,1434
7.TOTAL VALID VOTES POLLED,192752
8.TEST VOTES POLLED ON EVM,0
9.VOTES POLLED FOR 'NOTA' (INCLUDING POSTAL),1796
10. TENDERED VOTES,0
