IV. VOTES,
1. TOTAL VOTES POLLED ON EVM,186036
2. TOTAL DEDUCTED VOTES FROM EVM(TEST,
VOTES+VOTES NOT RETRIVED+VOTES REJECTED DUE TO,2674
OTHER REASONS + 'NOTA'),
3. TOTALVALID VOTES POLLED ON EVM,183362
4. POSTAL VOTES COUNTED,
"",843
5. POSTAL VOTES DEDUCTED(REJECTED POSTAL,
VOTES + POSTAL VOTES POLLED FOR 'NOTA'),
"",175
6. VALID POSTAL VOTES,668
7.TOTAL VALID VOTES POLLED,184030
8.TEST VOTES POLLED ON EVM,0
9.VOTES POLLED FOR 'NOTA' (INCLUDING POSTAL),2681
10. TENDERED VOTES,0
