IV. VOTES,
1. TOTAL VOTES POLLED ON EVM,197623
2. TOTAL DEDUCTED VOTES FROM EVM(TEST,
VOTES+VOTES NOT RETRIVED+VOTES REJECTED DUE TO,1262
OTHER REASONS + 'NOTA'),
3. TOTALVALID VOTES POLLED ON EVM,196361
4. POSTAL VOTES COUNTED,
"",1311
5. POSTAL VOTES DEDUCTED(REJECTED POSTAL,
VOTES + POSTAL VOTES POLLED FOR 'NOTA'),
"",68
6. VALID POSTAL VOTES,1243
7.TOTAL VALID VOTES POLLED,197604
8.TEST VOTES POLLED ON EVM,0
9.VOTES POLLED FOR 'NOTA' (INCLUDING POSTAL),1264
10. TENDERED VOTES,0
