IV. VOTES,
1. TOTAL VOTES POLLED ON EVM,174807
2. TOTAL DEDUCTED VOTES FROM EVM(TEST,
VOTES+VOTES NOT RETRIVED+VOTES REJECTED DUE TO,4161
OTHER REASONS + 'NOTA'),
3. TOTALVALID VOTES POLLED ON EVM,170646
4. POSTAL VOTES COUNTED,
"",397
5. POSTAL VOTES DEDUCTED(REJECTED POSTAL,
VOTES + POSTAL VOTES POLLED FOR 'NOTA'),
"",112
6. VALID POSTAL VOTES,285
7.TOTAL VALID VOTES POLLED,170931
8.TEST VOTES POLLED ON EVM,0
9.VOTES POLLED FOR 'NOTA' (INCLUDING POSTAL),4161
10. TENDERED VOTES,2
