IV. VOTES,
1. TOTAL VOTES POLLED ON EVM,173422
2. TOTAL DEDUCTED VOTES FROM EVM(TEST,
VOTES+VOTES NOT RETRIVED+VOTES REJECTED DUE TO,1139
OTHER REASONS + 'NOTA'),
3. TOTALVALID VOTES POLLED ON EVM,172283
4. POSTAL VOTES COUNTED,
"",726
5. POSTAL VOTES DEDUCTED(REJECTED POSTAL,
VOTES + POSTAL VOTES POLLED FOR 'NOTA'),
"",243
6. VALID POSTAL VOTES,483
7.TOTAL VALID VOTES POLLED,172766
8.TEST VOTES POLLED ON EVM,0
9.VOTES POLLED FOR 'NOTA' (INCLUDING POSTAL),1143
10. TENDERED VOTES,0
