IV. VOTES,
1. TOTAL VOTES POLLED ON EVM,167950
2. TOTAL DEDUCTED VOTES FROM EVM(TEST,
VOTES+VOTES NOT RETRIVED+VOTES REJECTED DUE TO,894
OTHER REASONS + 'NOTA'),
3. TOTALVALID VOTES POLLED ON EVM,167056
4. POSTAL VOTES COUNTED,
"",891
5. POSTAL VOTES DEDUCTED(REJECTED POSTAL,
VOTES + POSTAL VOTES POLLED FOR 'NOTA'),
"",182
6. VALID POSTAL VOTES,709
7.TOTAL VALID VOTES POLLED,167765
8.TEST VOTES POLLED ON EVM,0
9.VOTES POLLED FOR 'NOTA' (INCLUDING POSTAL),901
10. TENDERED VOTES,12
