IV. VOTES,
1. TOTAL VOTES POLLED ON EVM,159326
2. TOTAL DEDUCTED VOTES FROM EVM(TEST,
VOTES+VOTES NOT RETRIVED+VOTES REJECTED DUE TO,1013
OTHER REASONS + 'NOTA'),
3. TOTALVALID VOTES POLLED ON EVM,158313
4. POSTAL VOTES COUNTED,
"",2510
5. POSTAL VOTES DEDUCTED(REJECTED POSTAL,
VOTES + POSTAL VOTES POLLED FOR 'NOTA'),
"",553
6. VALID POSTAL VOTES,1957
7.TOTAL VALID VOTES POLLED,160270
8.TEST VOTES POLLED ON EVM,0
9.VOTES POLLED FOR 'NOTA' (INCLUDING POSTAL),1027
10. TENDERED VOTES,18
