IV. VOTES,
1. TOTAL VOTES POLLED ON EVM,199823
2. TOTAL DEDUCTED VOTES FROM EVM(TEST,
VOTES+VOTES NOT RETRIVED+VOTES REJECTED DUE TO,705
OTHER REASONS + 'NOTA'),
3. TOTALVALID VOTES POLLED ON EVM,199118
4. POSTAL VOTES COUNTED,
"",744
5. POSTAL VOTES DEDUCTED(REJECTED POSTAL,
VOTES + POSTAL VOTES POLLED FOR 'NOTA'),
"",208
6. VALID POSTAL VOTES,536
7.TOTAL VALID VOTES POLLED,199654
8.TEST VOTES POLLED ON EVM,0
9.VOTES POLLED FOR 'NOTA' (INCLUDING POSTAL),709
10. TENDERED VOTES,0
