IV. VOTES,
1. TOTAL VOTES POLLED ON EVM,188243
2. TOTAL DEDUCTED VOTES FROM EVM(TEST,
VOTES+VOTES NOT RETRIVED+VOTES REJECTED DUE TO,1270
OTHER REASONS + 'NOTA'),
3. TOTALVALID VOTES POLLED ON EVM,186973
4. POSTAL VOTES COUNTED,
"",1449
5. POSTAL VOTES DEDUCTED(REJECTED POSTAL,
VOTES + POSTAL VOTES POLLED FOR 'NOTA'),
"",50
6. VALID POSTAL VOTES,1399
7.TOTAL VALID VOTES POLLED,188372
8.TEST VOTES POLLED ON EVM,0
9.VOTES POLLED FOR 'NOTA' (INCLUDING POSTAL),1272
10. TENDERED VOTES,0
