IV. VOTES,
1. TOTAL VOTES POLLED ON EVM,181440
2. TOTAL DEDUCTED VOTES FROM EVM(TEST,
VOTES+VOTES NOT RETRIVED+VOTES REJECTED DUE TO,774
OTHER REASONS + 'NOTA'),
3. TOTALVALID VOTES POLLED ON EVM,180666
4. POSTAL VOTES COUNTED,
"",1444
5. POSTAL VOTES DEDUCTED(REJECTED POSTAL,
VOTES + POSTAL VOTES POLLED FOR 'NOTA'),
"",168
6. VALID POSTAL VOTES,1276
7.TOTAL VALID VOTES POLLED,181942
8.TEST VOTES POLLED ON EVM,0
9.VOTES POLLED FOR 'NOTA' (INCLUDING POSTAL),783
10. TENDERED VOTES,0
