IV. VOTES,
1. TOTAL VOTES POLLED ON EVM,195976
2. TOTAL DEDUCTED VOTES FROM EVM(TEST,
VOTES+VOTES NOT RETRIVED+VOTES REJECTED DUE TO,1261
OTHER REASONS + 'NOTA'),
3. TOTALVALID VOTES POLLED ON EVM,194715
4. POSTAL VOTES COUNTED,
"",901
5. POSTAL VOTES DEDUCTED(REJECTED POSTAL,
VOTES + POSTAL VOTES POLLED FOR 'NOTA'),
"",47
6. VALID POSTAL VOTES,854
7.TOTAL VALID VOTES POLLED,195569
8.TEST VOTES POLLED ON EVM,0
9.VOTES POLLED FOR 'NOTA' (INCLUDING POSTAL),1263
10. TENDERED VOTES,0
