IV. VOTES,
1. TOTAL VOTES POLLED ON EVM,162800
2. TOTAL DEDUCTED VOTES FROM EVM(TEST,
VOTES+VOTES NOT RETRIVED+VOTES REJECTED DUE TO,1013
OTHER REASONS + 'NOTA'),
3. TOTALVALID VOTES POLLED ON EVM,161787
4. POSTAL VOTES COUNTED,
"",1145
5. POSTAL VOTES DEDUCTED(REJECTED POSTAL,
VOTES + POSTAL VOTES POLLED FOR 'NOTA'),
"",16
6. VALID POSTAL VOTES,1129
7.TOTAL VALID VOTES POLLED,162916
8.TEST VOTES POLLED ON EVM,0
9.VOTES POLLED FOR 'NOTA' (INCLUDING POSTAL),1021
10. TENDERED VOTES,0
