IV. VOTES,
1. TOTAL VOTES POLLED ON EVM,182411
2. TOTAL DEDUCTED VOTES FROM EVM(TEST,
VOTES+VOTES NOT RETRIVED+VOTES REJECTED DUE TO,2262
OTHER REASONS + 'NOTA'),
3. TOTALVALID VOTES POLLED ON EVM,180149
4. POSTAL VOTES COUNTED,
"",1334
5. POSTAL VOTES DEDUCTED(REJECTED POSTAL,
VOTES + POSTAL VOTES POLLED FOR 'NOTA'),
"",220
6. VALID POSTAL VOTES,1114
7.TOTAL VALID VOTES POLLED,181263
8.TEST VOTES POLLED ON EVM,0
9.VOTES POLLED FOR 'NOTA' (INCLUDING POSTAL),2264
10. TENDERED VOTES,0
