IV. VOTES,
1. TOTAL VOTES POLLED ON EVM,217906
2. TOTAL DEDUCTED VOTES FROM EVM(TEST,
VOTES+VOTES NOT RETRIVED+VOTES REJECTED DUE TO,738
OTHER REASONS + 'NOTA'),
3. TOTALVALID VOTES POLLED ON EVM,217168
4. POSTAL VOTES COUNTED,
"",1883
5. POSTAL VOTES DEDUCTED(REJECTED POSTAL,
VOTES + POSTAL VOTES POLLED FOR 'NOTA'),
"",820
6. VALID POSTAL VOTES,1063
7.TOTAL VALID VOTES POLLED,218231
8.TEST VOTES POLLED ON EVM,0
9.VOTES POLLED FOR 'NOTA' (INCLUDING POSTAL),739
10. TENDERED VOTES,0
