IV. VOTES,
1. TOTAL VOTES POLLED ON EVM,232238
2. TOTAL DEDUCTED VOTES FROM EVM(TEST,
VOTES+VOTES NOT RETRIVED+VOTES REJECTED DUE TO,1613
OTHER REASONS + 'NOTA'),
3. TOTALVALID VOTES POLLED ON EVM,230625
4. POSTAL VOTES COUNTED,
"",2368
5. POSTAL VOTES DEDUCTED(REJECTED POSTAL,
VOTES + POSTAL VOTES POLLED FOR 'NOTA'),
"",699
6. VALID POSTAL VOTES,1669
7.TOTAL VALID VOTES POLLED,232294
8.TEST VOTES POLLED ON EVM,0
9.VOTES POLLED FOR 'NOTA' (INCLUDING POSTAL),1621
10. TENDERED VOTES,0
