IV. VOTES,
1. TOTAL VOTES POLLED ON EVM,186872
2. TOTAL DEDUCTED VOTES FROM EVM(TEST,
VOTES+VOTES NOT RETRIVED+VOTES REJECTED DUE TO,948
OTHER REASONS + 'NOTA'),
3. TOTALVALID VOTES POLLED ON EVM,185924
4. POSTAL VOTES COUNTED,
"",1111
5. POSTAL VOTES DEDUCTED(REJECTED POSTAL,
VOTES + POSTAL VOTES POLLED FOR 'NOTA'),
"",125
6. VALID POSTAL VOTES,986
7.TOTAL VALID VOTES POLLED,186910
8.TEST VOTES POLLED ON EVM,0
9.VOTES POLLED FOR 'NOTA' (INCLUDING POSTAL),951
10. TENDERED VOTES,0
