IV. VOTES,
1. TOTAL VOTES POLLED ON EVM,201122
2. TOTAL DEDUCTED VOTES FROM EVM(TEST,
VOTES+VOTES NOT RETRIVED+VOTES REJECTED DUE TO,1514
OTHER REASONS + 'NOTA'),
3. TOTALVALID VOTES POLLED ON EVM,199608
4. POSTAL VOTES COUNTED,
"",1301
5. POSTAL VOTES DEDUCTED(REJECTED POSTAL,
VOTES + POSTAL VOTES POLLED FOR 'NOTA'),
"",17
6. VALID POSTAL VOTES,1284
7.TOTAL VALID VOTES POLLED,200892
8.TEST VOTES POLLED ON EVM,0
9.VOTES POLLED FOR 'NOTA' (INCLUDING POSTAL),1519
10. TENDERED VOTES,0
