IV. VOTES,
1. TOTAL VOTES POLLED ON EVM,183392
2. TOTAL DEDUCTED VOTES FROM EVM(TEST,
VOTES+VOTES NOT RETRIVED+VOTES REJECTED DUE TO,713
OTHER REASONS + 'NOTA'),
3. TOTALVALID VOTES POLLED ON EVM,182679
4. POSTAL VOTES COUNTED,
"",1280
5. POSTAL VOTES DEDUCTED(REJECTED POSTAL,
VOTES + POSTAL VOTES POLLED FOR 'NOTA'),
"",92
6. VALID POSTAL VOTES,1188
7.TOTAL VALID VOTES POLLED,183867
8.TEST VOTES POLLED ON EVM,0
9.VOTES POLLED FOR 'NOTA' (INCLUDING POSTAL),717
10. TENDERED VOTES,10
