IV. VOTES,
1. TOTAL VOTES POLLED ON EVM,186403
2. TOTAL DEDUCTED VOTES FROM EVM(TEST,
VOTES+VOTES NOT RETRIVED+VOTES REJECTED DUE TO,1239
OTHER REASONS + 'NOTA'),
3. TOTALVALID VOTES POLLED ON EVM,185164
4. POSTAL VOTES COUNTED,
"",1561
5. POSTAL VOTES DEDUCTED(REJECTED POSTAL,
VOTES + POSTAL VOTES POLLED FOR 'NOTA'),
"",445
6. VALID POSTAL VOTES,1116
7.TOTAL VALID VOTES POLLED,186280
8.TEST VOTES POLLED ON EVM,0
9.VOTES POLLED FOR 'NOTA' (INCLUDING POSTAL),1256
10. TENDERED VOTES,0
