IV. VOTES,
1. TOTAL VOTES POLLED ON EVM,191607
2. TOTAL DEDUCTED VOTES FROM EVM(TEST,
VOTES+VOTES NOT RETRIVED+VOTES REJECTED DUE TO,1011
OTHER REASONS + 'NOTA'),
3. TOTALVALID VOTES POLLED ON EVM,190596
4. POSTAL VOTES COUNTED,
"",1032
5. POSTAL VOTES DEDUCTED(REJECTED POSTAL,
VOTES + POSTAL VOTES POLLED FOR 'NOTA'),
"",242
6. VALID POSTAL VOTES,790
7.TOTAL VALID VOTES POLLED,191386
8.TEST VOTES POLLED ON EVM,0
9.VOTES POLLED FOR 'NOTA' (INCLUDING POSTAL),1014
10. TENDERED VOTES,14
