IV. VOTES,
1. TOTAL VOTES POLLED ON EVM,176316
2. TOTAL DEDUCTED VOTES FROM EVM(TEST,
VOTES+VOTES NOT RETRIVED+VOTES REJECTED DUE TO,543
OTHER REASONS + 'NOTA'),
3. TOTALVALID VOTES POLLED ON EVM,175773
4. POSTAL VOTES COUNTED,
"",1340
5. POSTAL VOTES DEDUCTED(REJECTED POSTAL,
VOTES + POSTAL VOTES POLLED FOR 'NOTA'),
"",307
6. VALID POSTAL VOTES,1033
7.TOTAL VALID VOTES POLLED,176806
8.TEST VOTES POLLED ON EVM,0
9.VOTES POLLED FOR 'NOTA' (INCLUDING POSTAL),550
10. TENDERED VOTES,0
