IV. VOTES,
1. TOTAL VOTES POLLED ON EVM,195060
2. TOTAL DEDUCTED VOTES FROM EVM(TEST,
VOTES+VOTES NOT RETRIVED+VOTES REJECTED DUE TO,2310
OTHER REASONS + 'NOTA'),
3. TOTALVALID VOTES POLLED ON EVM,192750
4. POSTAL VOTES COUNTED,
"",1303
5. POSTAL VOTES DEDUCTED(REJECTED POSTAL,
VOTES + POSTAL VOTES POLLED FOR 'NOTA'),
"",112
6. VALID POSTAL VOTES,1191
7.TOTAL VALID VOTES POLLED,193941
8.TEST VOTES POLLED ON EVM,0
9.VOTES POLLED FOR 'NOTA' (INCLUDING POSTAL),2318
10. TENDERED VOTES,0
