IV. VOTES,
1. TOTAL VOTES POLLED ON EVM,234594
2. TOTAL DEDUCTED VOTES FROM EVM(TEST,
VOTES+VOTES NOT RETRIVED+VOTES REJECTED DUE TO,2960
OTHER REASONS + 'NOTA'),
3. TOTALVALID VOTES POLLED ON EVM,231634
4. POSTAL VOTES COUNTED,
"",444
5. POSTAL VOTES DEDUCTED(REJECTED POSTAL,
VOTES + POSTAL VOTES POLLED FOR 'NOTA'),
"",105
6. VALID POSTAL VOTES,339
7.TOTAL VALID VOTES POLLED,231973
8.TEST VOTES POLLED ON EVM,0
9.VOTES POLLED FOR 'NOTA' (INCLUDING POSTAL),2962
10. TENDERED VOTES,0
