IV. VOTES,
1. TOTAL VOTES POLLED ON EVM,168653
2. TOTAL DEDUCTED VOTES FROM EVM(TEST,
VOTES+VOTES NOT RETRIVED+VOTES REJECTED DUE TO,990
OTHER REASONS + 'NOTA'),
3. TOTALVALID VOTES POLLED ON EVM,167663
4. POSTAL VOTES COUNTED,
"",1159
5. POSTAL VOTES DEDUCTED(REJECTED POSTAL,
VOTES + POSTAL VOTES POLLED FOR 'NOTA'),
"",415
6. VALID POSTAL VOTES,744
7.TOTAL VALID VOTES POLLED,168407
8.TEST VOTES POLLED ON EVM,0
9.VOTES POLLED FOR 'NOTA' (INCLUDING POSTAL),992
10. TENDERED VOTES,0
