IV. VOTES,
1. TOTAL VOTES POLLED ON EVM,190978
2. TOTAL DEDUCTED VOTES FROM EVM(TEST,
VOTES+VOTES NOT RETRIVED+VOTES REJECTED DUE TO,3140
OTHER REASONS + 'NOTA'),
3. TOTALVALID VOTES POLLED ON EVM,187838
4. POSTAL VOTES COUNTED,
"",1032
5. POSTAL VOTES DEDUCTED(REJECTED POSTAL,
VOTES + POSTAL VOTES POLLED FOR 'NOTA'),
"",79
6. VALID POSTAL VOTES,953
7.TOTAL VALID VOTES POLLED,188791
8.TEST VOTES POLLED ON EVM,0
9.VOTES POLLED FOR 'NOTA' (INCLUDING POSTAL),3152
10. TENDERED VOTES,0
