IV. VOTES,
1. TOTAL VOTES POLLED ON EVM,165083
2. TOTAL DEDUCTED VOTES FROM EVM(TEST,
VOTES+VOTES NOT RETRIVED+VOTES REJECTED DUE TO,703
OTHER REASONS + 'NOTA'),
3. TOTALVALID VOTES POLLED ON EVM,164380
4. POSTAL VOTES COUNTED,
"",670
5. POSTAL VOTES DEDUCTED(REJECTED POSTAL,
VOTES + POSTAL VOTES POLLED FOR 'NOTA'),
"",74
6. VALID POSTAL VOTES,596
7.TOTAL VALID VOTES POLLED,164976
8.TEST VOTES POLLED ON EVM,0
9.VOTES POLLED FOR 'NOTA' (INCLUDING POSTAL),706
10. TENDERED VOTES,10
