IV. VOTES,
1. TOTAL VOTES POLLED ON EVM,182440
2. TOTAL DEDUCTED VOTES FROM EVM(TEST,
VOTES+VOTES NOT RETRIVED+VOTES REJECTED DUE TO,668
OTHER REASONS + 'NOTA'),
3. TOTALVALID VOTES POLLED ON EVM,181772
4. POSTAL VOTES COUNTED,
"",1034
5. POSTAL VOTES DEDUCTED(REJECTED POSTAL,
VOTES + POSTAL VOTES POLLED FOR 'NOTA'),
"",111
6. VALID POSTAL VOTES,923
7.TOTAL VALID VOTES POLLED,182695
8.TEST VOTES POLLED ON EVM,0
9.VOTES POLLED FOR 'NOTA' (INCLUDING POSTAL),668
10. TENDERED VOTES,8
