IV. VOTES,
1. TOTAL VOTES POLLED ON EVM,186799
2. TOTAL DEDUCTED VOTES FROM EVM(TEST,
VOTES+VOTES NOT RETRIVED+VOTES REJECTED DUE TO,1345
OTHER REASONS + 'NOTA'),
3. TOTALVALID VOTES POLLED ON EVM,185454
4. POSTAL VOTES COUNTED,
"",913
5. POSTAL VOTES DEDUCTED(REJECTED POSTAL,
VOTES + POSTAL VOTES POLLED FOR 'NOTA'),
"",158
6. VALID POSTAL VOTES,755
7.TOTAL VALID VOTES POLLED,186209
8.TEST VOTES POLLED ON EVM,0
9.VOTES POLLED FOR 'NOTA' (INCLUDING POSTAL),1352
10. TENDERED VOTES,0
