IV. VOTES,
1. TOTAL VOTES POLLED ON EVM,180710
2. TOTAL DEDUCTED VOTES FROM EVM(TEST,
VOTES+VOTES NOT RETRIVED+VOTES REJECTED DUE TO,1317
OTHER REASONS + 'NOTA'),
3. TOTALVALID VOTES POLLED ON EVM,179393
4. POSTAL VOTES COUNTED,
"",1260
5. POSTAL VOTES DEDUCTED(REJECTED POSTAL,
VOTES + POSTAL VOTES POLLED FOR 'NOTA'),
"",71
6. VALID POSTAL VOTES,1189
7.TOTAL VALID VOTES POLLED,180582
8.TEST VOTES POLLED ON EVM,0
9.VOTES POLLED FOR 'NOTA' (INCLUDING POSTAL),1321
10. TENDERED VOTES,0
