IV. VOTES,
1. TOTAL VOTES POLLED ON EVM,186238
2. TOTAL DEDUCTED VOTES FROM EVM(TEST,
VOTES+VOTES NOT RETRIVED+VOTES REJECTED DUE TO,2752
OTHER REASONS + 'NOTA'),
3. TOTALVALID VOTES POLLED ON EVM,183486
4. POSTAL VOTES COUNTED,
"",381
5. POSTAL VOTES DEDUCTED(REJECTED POSTAL,
VOTES + POSTAL VOTES POLLED FOR 'NOTA'),
"",9
6. VALID POSTAL VOTES,372
7.TOTAL VALID VOTES POLLED,183858
8.TEST VOTES POLLED ON EVM,0
9.VOTES POLLED FOR 'NOTA' (INCLUDING POSTAL),2755
10. TENDERED VOTES,0
