IV. VOTES,
1. TOTAL VOTES POLLED ON EVM,175012
2. TOTAL DEDUCTED VOTES FROM EVM(TEST,
VOTES+VOTES NOT RETRIVED+VOTES REJECTED DUE TO,3566
OTHER REASONS + 'NOTA'),
3. TOTALVALID VOTES POLLED ON EVM,171446
4. POSTAL VOTES COUNTED,
"",753
5. POSTAL VOTES DEDUCTED(REJECTED POSTAL,
VOTES + POSTAL VOTES POLLED FOR 'NOTA'),
"",66
6. VALID POSTAL VOTES,687
7.TOTAL VALID VOTES POLLED,172133
8.TEST VOTES POLLED ON EVM,0
9.VOTES POLLED FOR 'NOTA' (INCLUDING POSTAL),3567
10. TENDERED VOTES,0
