IV. VOTES,
1. TOTAL VOTES POLLED ON EVM,233210
2. TOTAL DEDUCTED VOTES FROM EVM(TEST,
VOTES+VOTES NOT RETRIVED+VOTES REJECTED DUE TO,1671
OTHER REASONS + 'NOTA'),
3. TOTALVALID VOTES POLLED ON EVM,231539
4. POSTAL VOTES COUNTED,
"",1361
5. POSTAL VOTES DEDUCTED(REJECTED POSTAL,
VOTES + POSTAL VOTES POLLED FOR 'NOTA'),
"",207
6. VALID POSTAL VOTES,1154
7.TOTAL VALID VOTES POLLED,232693
8.TEST VOTES POLLED ON EVM,0
9.VOTES POLLED FOR 'NOTA' (INCLUDING POSTAL),1676
10. TENDERED VOTES,0
