IV. VOTES,
1. TOTAL VOTES POLLED ON EVM,160676
2. TOTAL DEDUCTED VOTES FROM EVM(TEST,
VOTES+VOTES NOT RETRIVED+VOTES REJECTED DUE TO,926
OTHER REASONS + 'NOTA'),
3. TOTALVALID VOTES POLLED ON EVM,159750
4. POSTAL VOTES COUNTED,
"",341
5. POSTAL VOTES DEDUCTED(REJECTED POSTAL,
VOTES + POSTAL VOTES POLLED FOR 'NOTA'),
"",95
6. VALID POSTAL VOTES,246
7.TOTAL VALID VOTES POLLED,159996
8.TEST VOTES POLLED ON EVM,0
9.VOTES POLLED FOR 'NOTA' (INCLUDING POSTAL),930
10. TENDERED VOTES,19
