IV. VOTES,
1. TOTAL VOTES POLLED ON EVM,208064
2. TOTAL DEDUCTED VOTES FROM EVM(TEST,
VOTES+VOTES NOT RETRIVED+VOTES REJECTED DUE TO,1729
OTHER REASONS + 'NOTA'),
3. TOTALVALID VOTES POLLED ON EVM,206335
4. POSTAL VOTES COUNTED,
"",2039
5. POSTAL VOTES DEDUCTED(REJECTED POSTAL,
VOTES + POSTAL VOTES POLLED FOR 'NOTA'),
"",253
6. VALID POSTAL VOTES,1786
7.TOTAL VALID VOTES POLLED,208121
8.TEST VOTES POLLED ON EVM,0
9.VOTES POLLED FOR 'NOTA' (INCLUDING POSTAL),1734
10. TENDERED VOTES,0
