IV. VOTES,
1. TOTAL VOTES POLLED ON EVM,186045
2. TOTAL DEDUCTED VOTES FROM EVM(TEST,
VOTES+VOTES NOT RETRIVED+VOTES REJECTED DUE TO,1124
OTHER REASONS + 'NOTA'),
3. TOTALVALID VOTES POLLED ON EVM,184921
4. POSTAL VOTES COUNTED,
"",909
5. POSTAL VOTES DEDUCTED(REJECTED POSTAL,
VOTES + POSTAL VOTES POLLED FOR 'NOTA'),
"",189
6. VALID POSTAL VOTES,720
7.TOTAL VALID VOTES POLLED,185641
8.TEST VOTES POLLED ON EVM,0
9.VOTES POLLED FOR 'NOTA' (INCLUDING POSTAL),1130
10. TENDERED VOTES,0
