IV. VOTES,
1. TOTAL VOTES POLLED ON EVM,183101
2. TOTAL DEDUCTED VOTES FROM EVM(TEST,
VOTES+VOTES NOT RETRIVED+VOTES REJECTED DUE TO,1279
OTHER REASONS + 'NOTA'),
3. TOTALVALID VOTES POLLED ON EVM,181822
4. POSTAL VOTES COUNTED,
"",1021
5. POSTAL VOTES DEDUCTED(REJECTED POSTAL,
VOTES + POSTAL VOTES POLLED FOR 'NOTA'),
"",56
6. VALID POSTAL VOTES,965
7.TOTAL VALID VOTES POLLED,182787
8.TEST VOTES POLLED ON EVM,0
9.VOTES POLLED FOR 'NOTA' (INCLUDING POSTAL),1279
10. TENDERED VOTES,3
