IV. VOTES,
1. TOTAL VOTES POLLED ON EVM,169587
2. TOTAL DEDUCTED VOTES FROM EVM(TEST,
VOTES+VOTES NOT RETRIVED+VOTES REJECTED DUE TO,1376
OTHER REASONS + 'NOTA'),
3. TOTALVALID VOTES POLLED ON EVM,168211
4. POSTAL VOTES COUNTED,
"",439
5. POSTAL VOTES DEDUCTED(REJECTED POSTAL,
VOTES + POSTAL VOTES POLLED FOR 'NOTA'),
"",10
6. VALID POSTAL VOTES,429
7.TOTAL VALID VOTES POLLED,168640
8.TEST VOTES POLLED ON EVM,0
9.VOTES POLLED FOR 'NOTA' (INCLUDING POSTAL),1379
10. TENDERED VOTES,0
