IV. VOTES,
1. TOTAL VOTES POLLED ON EVM,183626
2. TOTAL DEDUCTED VOTES FROM EVM(TEST,
VOTES+VOTES NOT RETRIVED+VOTES REJECTED DUE TO,2371
OTHER REASONS + 'NOTA'),
3. TOTALVALID VOTES POLLED ON EVM,181255
4. POSTAL VOTES COUNTED,
"",1109
5. POSTAL VOTES DEDUCTED(REJECTED POSTAL,
VOTES + POSTAL VOTES POLLED FOR 'NOTA'),
"",25
6. VALID POSTAL VOTES,1084
7.TOTAL VALID VOTES POLLED,182339
8.TEST VOTES POLLED ON EVM,0
9.VOTES POLLED FOR 'NOTA' (INCLUDING POSTAL),2374
10. TENDERED VOTES,6
