IV. VOTES,
1. TOTAL VOTES POLLED ON EVM,178254
2. TOTAL DEDUCTED VOTES FROM EVM(TEST,
VOTES+VOTES NOT RETRIVED+VOTES REJECTED DUE TO,446
OTHER REASONS + 'NOTA'),
3. TOTALVALID VOTES POLLED ON EVM,177808
4. POSTAL VOTES COUNTED,
"",1213
5. POSTAL VOTES DEDUCTED(REJECTED POSTAL,
VOTES + POSTAL VOTES POLLED FOR 'NOTA'),
"",104
6. VALID POSTAL VOTES,1109
7.TOTAL VALID VOTES POLLED,178917
8.TEST VOTES POLLED ON EVM,0
9.VOTES POLLED FOR 'NOTA' (INCLUDING POSTAL),449
10. TENDERED VOTES,0
