IV. VOTES,
1. TOTAL VOTES POLLED ON EVM,177496
2. TOTAL DEDUCTED VOTES FROM EVM(TEST,
VOTES+VOTES NOT RETRIVED+VOTES REJECTED DUE TO,1498
OTHER REASONS + 'NOTA'),
3. TOTALVALID VOTES POLLED ON EVM,175998
4. POSTAL VOTES COUNTED,
"",2159
5. POSTAL VOTES DEDUCTED(REJECTED POSTAL,
VOTES + POSTAL VOTES POLLED FOR 'NOTA'),
"",276
6. VALID POSTAL VOTES,1883
7.TOTAL VALID VOTES POLLED,177881
8.TEST VOTES POLLED ON EVM,0
9.VOTES POLLED FOR 'NOTA' (INCLUDING POSTAL),1522
10. TENDERED VOTES,0
