IV. VOTES,
1. TOTAL VOTES POLLED ON EVM,155119
2. TOTAL DEDUCTED VOTES FROM EVM(TEST,
VOTES+VOTES NOT RETRIVED+VOTES REJECTED DUE TO,1445
OTHER REASONS + 'NOTA'),
3. TOTALVALID VOTES POLLED ON EVM,153674
4. POSTAL VOTES COUNTED,
"",1331
5. POSTAL VOTES DEDUCTED(REJECTED POSTAL,
VOTES + POSTAL VOTES POLLED FOR 'NOTA'),
"",55
6. VALID POSTAL VOTES,1276
7.TOTAL VALID VOTES POLLED,154950
8.TEST VOTES POLLED ON EVM,0
9.VOTES POLLED FOR 'NOTA' (INCLUDING POSTAL),1447
10. TENDERED VOTES,0
