IV. VOTES,
1. TOTAL VOTES POLLED ON EVM,167567
2. TOTAL DEDUCTED VOTES FROM EVM(TEST,
VOTES+VOTES NOT RETRIVED+VOTES REJECTED DUE TO,1664
OTHER REASONS + 'NOTA'),
3. TOTALVALID VOTES POLLED ON EVM,165903
4. POSTAL VOTES COUNTED,
"",929
5. POSTAL VOTES DEDUCTED(REJECTED POSTAL,
VOTES + POSTAL VOTES POLLED FOR 'NOTA'),
"",52
6. VALID POSTAL VOTES,877
7.TOTAL VALID VOTES POLLED,166780
8.TEST VOTES POLLED ON EVM,0
9.VOTES POLLED FOR 'NOTA' (INCLUDING POSTAL),1672
10. TENDERED VOTES,0
