IV. VOTES,
1. TOTAL VOTES POLLED ON EVM,185983
2. TOTAL DEDUCTED VOTES FROM EVM(TEST,
VOTES+VOTES NOT RETRIVED+VOTES REJECTED DUE TO,2881
OTHER REASONS + 'NOTA'),
3. TOTALVALID VOTES POLLED ON EVM,183102
4. POSTAL VOTES COUNTED,
"",1747
5. POSTAL VOTES DEDUCTED(REJECTED POSTAL,
VOTES + POSTAL VOTES POLLED FOR 'NOTA'),
"",13
6. VALID POSTAL VOTES,1734
7.TOTAL VALID VOTES POLLED,184836
8.TEST VOTES POLLED ON EVM,0
9.VOTES POLLED FOR 'NOTA' (INCLUDING POSTAL),2885
10. TENDERED VOTES,0
