IV. VOTES,
1. TOTAL VOTES POLLED ON EVM,197303
2. TOTAL DEDUCTED VOTES FROM EVM(TEST,
VOTES+VOTES NOT RETRIVED+VOTES REJECTED DUE TO,4085
OTHER REASONS + 'NOTA'),
3. TOTALVALID VOTES POLLED ON EVM,193218
4. POSTAL VOTES COUNTED,
"",587
5. POSTAL VOTES DEDUCTED(REJECTED POSTAL,
VOTES + POSTAL VOTES POLLED FOR 'NOTA'),
"",67
6. VALID POSTAL VOTES,520
7.TOTAL VALID VOTES POLLED,193738
8.TEST VOTES POLLED ON EVM,0
9.VOTES POLLED FOR 'NOTA' (INCLUDING POSTAL),4088
10. TENDERED VOTES,0
