IV. VOTES,
1. TOTAL VOTES POLLED ON EVM,167234
2. TOTAL DEDUCTED VOTES FROM EVM(TEST,
VOTES+VOTES NOT RETRIVED+VOTES REJECTED DUE TO,1644
OTHER REASONS + 'NOTA'),
3. TOTALVALID VOTES POLLED ON EVM,165590
4. POSTAL VOTES COUNTED,
"",800
5. POSTAL VOTES DEDUCTED(REJECTED POSTAL,
VOTES + POSTAL VOTES POLLED FOR 'NOTA'),
"",60
6. VALID POSTAL VOTES,740
7.TOTAL VALID VOTES POLLED,166330
8.TEST VOTES POLLED ON EVM,0
9.VOTES POLLED FOR 'NOTA' (INCLUDING POSTAL),1646
10. TENDERED VOTES,5
