IV. VOTES,
1. TOTAL VOTES POLLED ON EVM,167810
2. TOTAL DEDUCTED VOTES FROM EVM(TEST,
VOTES+VOTES NOT RETRIVED+VOTES REJECTED DUE TO,1160
OTHER REASONS + 'NOTA'),
3. TOTALVALID VOTES POLLED ON EVM,166650
4. POSTAL VOTES COUNTED,
"",2209
5. POSTAL VOTES DEDUCTED(REJECTED POSTAL,
VOTES + POSTAL VOTES POLLED FOR 'NOTA'),
"",148
6. VALID POSTAL VOTES,2061
7.TOTAL VALID VOTES POLLED,168711
8.TEST VOTES POLLED ON EVM,0
9.VOTES POLLED FOR 'NOTA' (INCLUDING POSTAL),1162
10. TENDERED VOTES,0
