IV. VOTES,
1. TOTAL VOTES POLLED ON EVM,169650
2. TOTAL DEDUCTED VOTES FROM EVM(TEST,
VOTES+VOTES NOT RETRIVED+VOTES REJECTED DUE TO,1252
OTHER REASONS + 'NOTA'),
3. TOTALVALID VOTES POLLED ON EVM,168398
4. POSTAL VOTES COUNTED,
"",734
5. POSTAL VOTES DEDUCTED(REJECTED POSTAL,
VOTES + POSTAL VOTES POLLED FOR 'NOTA'),
"",84
6. VALID POSTAL VOTES,650
7.TOTAL VALID VOTES POLLED,169048
8.TEST VOTES POLLED ON EVM,0
9.VOTES POLLED FOR 'NOTA' (INCLUDING POSTAL),1258
10. TENDERED VOTES,5
