IV. VOTES,
1. TOTAL VOTES POLLED ON EVM,182152
2. TOTAL DEDUCTED VOTES FROM EVM(TEST,
VOTES+VOTES NOT RETRIVED+VOTES REJECTED DUE TO,1269
OTHER REASONS + 'NOTA'),
3. TOTALVALID VOTES POLLED ON EVM,180883
4. POSTAL VOTES COUNTED,
"",1111
5. POSTAL VOTES DEDUCTED(REJECTED POSTAL,
VOTES + POSTAL VOTES POLLED FOR 'NOTA'),
"",17
6. VALID POSTAL VOTES,1094
7.TOTAL VALID VOTES POLLED,181977
8.TEST VOTES POLLED ON EVM,0
9.VOTES POLLED FOR 'NOTA' (INCLUDING POSTAL),1276
10. TENDERED VOTES,0
