IV. VOTES,
1. TOTAL VOTES POLLED ON EVM,142577
2. TOTAL DEDUCTED VOTES FROM EVM(TEST,
VOTES+VOTES NOT RETRIVED+VOTES REJECTED DUE TO,1040
OTHER REASONS + 'NOTA'),
3. TOTALVALID VOTES POLLED ON EVM,141537
4. POSTAL VOTES COUNTED,
"",586
5. POSTAL VOTES DEDUCTED(REJECTED POSTAL,
VOTES + POSTAL VOTES POLLED FOR 'NOTA'),
"",47
6. VALID POSTAL VOTES,539
7.TOTAL VALID VOTES POLLED,142076
8.TEST VOTES POLLED ON EVM,0
9.VOTES POLLED FOR 'NOTA' (INCLUDING POSTAL),1047
10. TENDERED VOTES,12
