IV. VOTES,
1. TOTAL VOTES POLLED ON EVM,164500
2. TOTAL DEDUCTED VOTES FROM EVM(TEST,
VOTES+VOTES NOT RETRIVED+VOTES REJECTED DUE TO,939
OTHER REASONS + 'NOTA'),
3. TOTALVALID VOTES POLLED ON EVM,163561
4. POSTAL VOTES COUNTED,
"",1615
5. POSTAL VOTES DEDUCTED(REJECTED POSTAL,
VOTES + POSTAL VOTES POLLED FOR 'NOTA'),
"",452
6. VALID POSTAL VOTES,1163
7.TOTAL VALID VOTES POLLED,164724
8.TEST VOTES POLLED ON EVM,0
9.VOTES POLLED FOR 'NOTA' (INCLUDING POSTAL),945
10. TENDERED VOTES,0
