IV. VOTES,
1. TOTAL VOTES POLLED ON EVM,154374
2. TOTAL DEDUCTED VOTES FROM EVM(TEST,
VOTES+VOTES NOT RETRIVED+VOTES REJECTED DUE TO,866
OTHER REASONS + 'NOTA'),
3. TOTALVALID VOTES POLLED ON EVM,153508
4. POSTAL VOTES COUNTED,
"",1682
5. POSTAL VOTES DEDUCTED(REJECTED POSTAL,
VOTES + POSTAL VOTES POLLED FOR 'NOTA'),
"",479
6. VALID POSTAL VOTES,1203
7.TOTAL VALID VOTES POLLED,154711
8.TEST VOTES POLLED ON EVM,0
9.VOTES POLLED FOR 'NOTA' (INCLUDING POSTAL),878
10. TENDERED VOTES,0
