IV. VOTES,
1. TOTAL VOTES POLLED ON EVM,184209
2. TOTAL DEDUCTED VOTES FROM EVM(TEST,
VOTES+VOTES NOT RETRIVED+VOTES REJECTED DUE TO,1048
OTHER REASONS + 'NOTA'),
3. TOTALVALID VOTES POLLED ON EVM,183161
4. POSTAL VOTES COUNTED,
"",492
5. POSTAL VOTES DEDUCTED(REJECTED POSTAL,
VOTES + POSTAL VOTES POLLED FOR 'NOTA'),
"",192
6. VALID POSTAL VOTES,300
7.TOTAL VALID VOTES POLLED,183461
8.TEST VOTES POLLED ON EVM,0
9.VOTES POLLED FOR 'NOTA' (INCLUDING POSTAL),1051
10. TENDERED VOTES,0
